id,history,future,length,type
task_000,"[0, 0, 0, 0, 0, 0, 0, 0, 0, 0, 0, 0, 0, 0, 0, 0, 0, 0, 0, 0, 0, 0, 0, 0, 0, 0, 0, 0, 0, 0, 0, 0, 0, 0, 0, 0, 0, 0, 0, 0, 0, 0, 0, 0, 0, 0, 0, 0, 0, 0, 0, 9, 15, 20, 26, 44, 81, 88, 98, 101, 91, 130, 109, 100, 102, 101, 121, 127, 28, 74, 23, 32, 31, 79, 52, 38, 28]","[12, 30, 16, 81, 82, 68, 81, 52, 71, 41, 41, 22, 18, 39, 26, 104, 44, 52, 36, 32, 26, 17, 11, 4, 0, 0, 0, 0, 0, 0, 0, 0, 0, 0, 0, 0, 0, 0, 0, 0, 0, 0, 0, 0, 0, 0, 0, 0, 0, 0, 0, 0, 0, 0, 0, 0, 0, 0, 0, 0, 0, 0, 0, 0, 0, 0, 0]",144,structural_break
task_001,"[0, 0, 0, 0, 0, 0, 0, 0, 0, 0, 0, 0, 0, 0, 0, 0, 0, 0, 0, 0, 0, 0, 0, 0, 0, 0, 0, 0, 0, 0, 0, 0, 0, 0, 0, 0, 0, 0, 0, 8, 14, 29, 51, 84, 140, 176, 195, 221, 142, 204, 202, 377, 421, 524, 574, 515, 547, 665, 719, 639, 636, 663, 587, 662, 531, 743, 724, 491, 266, 620, 862, 1003, 768, 579, 664, 494, 518, 372, 477, 721]","[582, 827, 869, 956, 454, 494, 452, 205, 181, 142, 382, 673, 622, 438, 394, 417, 347, 211, 261, 83, 202, 289, 172, 186, 215, 121, 148, 108, 73, 37, 25, 9, 0, 0, 0, 0, 0, 0, 0, 0, 0, 0, 0, 0, 0, 0, 0, 0, 0, 0, 0, 0, 0, 0, 0, 0, 0, 0, 0, 0, 0, 0, 0, 0]",144,structural_break
task_002,"[0, 0, 0, 0, 0, 0, 0, 0, 0, 0, 0, 0, 0, 0, 0, 0, 0, 0, 0, 0, 0, 0, 0, 0, 0, 0, 0, 0, 0, 0, 0, 0, 0, 0, 0, 0, 0, 0, 0, 0, 0, 0, 15, 37, 66, 100, 136, 174, 212, 251, 290, 328, 367, 404, 440, 475, 509, 542, 574, 604, 633, 660, 686, 710, 732, 752, 770, 787, 801, 813, 824, 832, 838, 842, 844, 844, 839, 835, 828, 820]","[809, 797, 782, 765, 746, 724, 702, 678, 651, 623, 595, 565, 533, 498, 462, 426, 390, 353, 316, 278, 238, 201, 162, 126, 91, 59, 32, 0, 0, 0, 0, 0, 0, 0, 0, 0, 0, 0, 0, 0, 0, 0, 0, 0, 0, 0, 0, 0, 0, 0, 0, 0, 0, 0, 0, 0, 0, 0, 0, 0, 0, 0, 0, 0]",144,structural_break
task_003,"[0, 0, 0, 0, 0, 0, 0, 0, 0, 0, 0, 0, 0, 0, 0, 0, 0, 0, 0, 0, 0, 0, 0, 0, 0, 0, 0, 0, 0, 0, 0, 0, 0, 0, 0, 22, 42, 72, 120, 121, 100, 169, 142, 114, 216, 210, 177, 205, 342, 308, 444, 561, 581, 571, 605, 557, 610, 527, 478, 583, 586, 490, 588, 673, 698, 411]","[468, 388, 862, 745, 672, 648, 657, 690, 427, 466, 447, 430, 493, 703, 798, 620, 616, 304, 311, 37, 35, 245, 287, 188, 302, 327, 211, 77, 162, 157, 208, 148, 76, 81, 107, 69, 81, 43, 83, 106, 161, 50, 44, 40, 19, 9, 4, 0, 0, 0, 0, 0, 0, 0, 0, 0, 0, 0, 0, 0, 0, 0, 0, 0, 0, 0, 0, 0, 0, 0, 0, 0, 0, 0, 0, 0, 0, 0]",144,structural_break
task_004,"[0, 0, 0, 0, 0, 0, 0, 0, 0, 0, 0, 0, 0, 0, 0, 0, 0, 0, 0, 0, 0, 0, 0, 0, 0, 0, 0, 0, 0, 0, 0, 0, 0, 0, 0, 0, 0, 21, 45, 76, 109, 145, 183, 223, 262, 303, 341, 382, 421, 461, 499, 537, 572, 608, 643, 676, 708, 738, 766, 793, 819, 842, 864, 883, 892, 907, 921, 932, 941, 948, 955]","[958, 958, 957, 802, 690, 513, 173, 130, 44, 54, 46, 100, 90, 54, 92, 40, 31, 23, 77, 53, 43, 37, 35, 138, 173, 261, 276, 269, 216, 225, 199, 161, 124, 75, 48, 29, 10, 0, 0, 0, 0, 0, 0, 0, 0, 0, 0, 0, 0, 0, 0, 0, 0, 0, 0, 0, 0, 0, 0, 0, 0, 0, 0, 0, 0, 0, 0, 0, 0, 0, 0, 0, 0]",144,structural_break
task_005,"[0, 0, 0, 0, 0, 0, 0, 0, 0, 0, 0, 0, 0, 0, 0, 0, 0, 0, 0, 0, 0, 0, 0, 0, 0, 0, 0, 0, 0, 0, 0, 0, 0, 0, 0, 0, 0, 0, 0, 0, 0, 0, 0, 22, 42, 66, 92, 120, 149, 178, 207, 236, 264, 218, 229, 314, 370, 394, 416, 438, 459, 478, 494, 510, 524, 537, 549, 338, 381, 520]","[576, 577, 579, 579, 575, 572, 565, 557, 548, 397, 525, 261, 316, 216, 279, 71, 189, 123, 164, 265, 89, 14, 55, 28, 8, 35, 25, 5, 4, 13, 18, 11, 7, 0, 0, 0, 0, 0, 0, 0, 0, 0, 0, 0, 0, 0, 0, 0, 0, 0, 0, 0, 0, 0, 0, 0, 0, 0, 0, 0, 0, 0, 0, 0, 0, 0, 0, 0, 0, 0, 0, 0, 0, 0]",144,structural_break
task_006,"[0, 0, 0, 0, 0, 0, 0, 0, 0, 0, 0, 0, 0, 0, 0, 0, 0, 0, 0, 0, 0, 0, 0, 0, 0, 0, 0, 0, 0, 0, 0, 0, 0, 0, 0, 0, 0, 0, 12, 36, 54, 74, 95, 118, 142, 167, 192, 218, 244, 271, 297, 324, 319, 346, 401, 426, 451, 438, 334, 381, 395, 441, 534, 605, 620, 638, 655, 671, 685, 697, 708, 719, 729, 736, 743, 749, 754, 757, 759, 759]","[759, 756, 757, 719, 714, 738, 731, 721, 712, 701, 688, 673, 659, 642, 625, 607, 587, 567, 546, 523, 499, 451, 451, 426, 401, 375, 348, 322, 295, 230, 242, 173, 157, 132, 114, 83, 61, 49, 37, 24, 13, 0, 0, 0, 0, 0, 0, 0, 0, 0, 0, 0, 0, 0, 0, 0, 0, 0, 0, 0, 0, 0, 0, 0]",144,structural_break
task_007,"[0, 0, 0, 0, 0, 0, 0, 0, 0, 0, 0, 0, 0, 0, 0, 0, 0, 0, 0, 0, 0, 0, 0, 0, 0, 0, 0, 0, 0, 0, 0, 0, 0, 0, 0, 0, 0, 0, 0, 0, 0, 0, 0, 14, 34, 61, 91, 125, 160, 196, 233, 269, 306, 342, 377, 411, 444, 476, 509, 538, 566, 594, 619, 643, 663, 684, 703, 721, 736, 750, 760]","[413, 777, 783, 787, 788, 788, 786, 781, 389, 766, 756, 743, 728, 289, 408, 674, 266, 630, 605, 353, 551, 522, 491, 116, 427, 393, 359, 323, 10, 251, 215, 179, 144, 109, 77, 48, 24, 0, 0, 0, 0, 0, 0, 0, 0, 0, 0, 0, 0, 0, 0, 0, 0, 0, 0, 0, 0, 0, 0, 0, 0, 0, 0, 0, 0, 0, 0, 0, 0, 0, 0, 0, 0]",144,structural_break
task_008,"[0, 0, 0, 0, 0, 0, 0, 0, 0, 0, 0, 0, 0, 0, 0, 0, 0, 0, 0, 0, 0, 0, 0, 0, 0, 0, 0, 0, 0, 0, 0, 0, 0, 0, 0, 0, 0, 0, 0, 0, 0, 0, 0, 0, 0, 0, 0, 0, 0, 0, 0, 0, 0, 26, 41, 40, 53, 96, 116, 135, 154, 173, 191, 208, 225, 240, 255, 268, 281, 292, 302, 311, 319, 325, 330, 333]","[193, 148, 227, 339, 190, 177, 199, 148, 305, 53, 132, 149, 102, 120, 94, 111, 79, 101, 98, 79, 76, 64, 52, 39, 28, 13, 5, 0, 0, 0, 0, 0, 0, 0, 0, 0, 0, 0, 0, 0, 0, 0, 0, 0, 0, 0, 0, 0, 0, 0, 0, 0, 0, 0, 0, 0, 0, 0, 0, 0, 0, 0, 0, 0, 0, 0, 0, 0]",144,structural_break
task_009,"[0, 0, 0, 0, 0, 0, 0, 0, 0, 0, 0, 0, 0, 0, 0, 0, 0, 0, 0, 0, 0, 0, 0, 0, 0, 0, 0, 0, 0, 0, 0, 0, 0, 4, 18, 49, 30, 97, 100, 56, 138, 128, 179, 188, 61, 77, 111, 68, 87, 393, 424, 420, 482, 355, 162, 300, 128, 133, 177, 73, 195, 238, 284, 293, 260, 257, 281, 215]","[150, 231, 228, 196, 281, 223, 191, 177, 201, 115, 327, 383, 237, 242, 269, 358, 396, 32, 172, 234, 186, 122, 107, 162, 46, 94, 107, 46, 13, 12, 9, 12, 26, 21, 13, 4, 0, 0, 0, 0, 0, 0, 0, 0, 0, 0, 0, 0, 0, 0, 0, 0, 0, 0, 0, 0, 0, 0, 0, 0, 0, 0, 0, 0, 0, 0, 0, 0, 0, 0, 0, 0, 0, 0, 0, 0]",144,structural_break
task_010,"[0, 0, 0, 0, 0, 0, 0, 0, 0, 0, 0, 0, 0, 0, 0, 0, 0, 0, 0, 0, 0, 0, 0, 0, 0, 0, 0, 0, 0, 0, 0, 0, 0, 0, 0, 0, 0, 0, 0, 0, 0, 0, 0, 0, 0, 5, 12, 20, 25, 51, 39, 169, 199, 40, 78, 287, 97, 141, 184, 93, 58, 38, 109, 92, 117, 267, 207, 269, 539, 355, 560, 568, 573, 406]","[317, 315, 580, 576, 571, 565, 556, 546, 28, 521, 260, 278, 472, 452, 432, 409, 386, 84, 125, 85, 126, 256, 228, 199, 171, 142, 115, 88, 51, 16, 13, 0, 0, 0, 0, 0, 0, 0, 0, 0, 0, 0, 0, 0, 0, 0, 0, 0, 0, 0, 0, 0, 0, 0, 0, 0, 0, 0, 0, 0, 0, 0, 0, 0, 0, 0, 0, 0, 0, 0]",144,structural_break
task_011,"[0, 0, 0, 0, 0, 0, 0, 0, 0, 0, 0, 0, 0, 0, 0, 0, 0, 0, 0, 0, 0, 0, 0, 0, 0, 0, 0, 0, 0, 0, 0, 0, 0, 0, 0, 0, 23, 46, 75, 107, 141, 178, 215, 254, 292, 331, 371, 410, 448, 486, 524, 560, 596, 631, 664, 697, 727, 756, 790, 816, 841, 865, 886, 906, 923, 939, 953, 966]","[975, 983, 988, 992, 994, 993, 992, 988, 980, 971, 961, 948, 934, 917, 896, 876, 854, 832, 806, 780, 749, 719, 687, 655, 621, 586, 548, 511, 473, 435, 397, 358, 317, 278, 239, 201, 164, 128, 94, 63, 36, 15, 0, 0, 0, 0, 0, 0, 0, 0, 0, 0, 0, 0, 0, 0, 0, 0, 0, 0, 0, 0, 0, 0, 0, 0, 0, 0, 0, 0, 0, 0, 0, 0, 0, 0]",144,structural_break
task_012,"[0, 0, 0, 0, 0, 0, 0, 0, 0, 0, 0, 0, 0, 0, 0, 0, 0, 0, 0, 0, 0, 0, 0, 0, 0, 0, 0, 0, 0, 0, 0, 0, 0, 0, 0, 0, 0, 0, 0, 0, 0, 0, 0, 20, 41, 66, 94, 124, 156, 188, 220, 253, 284, 315, 346, 377, 406, 433, 461, 487, 512, 535, 557, 577, 595, 612, 313, 642, 654, 29, 445, 676, 681, 684, 478, 686, 676, 30]","[529, 657, 506, 636, 626, 487, 595, 578, 559, 431, 521, 497, 472, 446, 418, 388, 362, 332, 300, 268, 235, 202, 170, 137, 105, 75, 47, 24, 0, 0, 0, 0, 0, 0, 0, 0, 0, 0, 0, 0, 0, 0, 0, 0, 0, 0, 0, 0, 0, 0, 0, 0, 0, 0, 0, 0, 0, 0, 0, 0, 0, 0, 0, 0, 0, 0]",144,structural_break
task_013,"[0, 0, 0, 0, 0, 0, 0, 0, 0, 0, 0, 0, 0, 0, 0, 0, 0, 0, 0, 0, 0, 0, 0, 0, 0, 0, 0, 0, 0, 0, 0, 0, 0, 0, 0, 10, 26, 42, 47, 61, 73, 118, 169, 165, 195, 163, 144, 113, 132, 218, 210, 116, 202, 254, 242, 308, 329, 376, 421, 625, 581, 557, 677, 608, 417, 301, 181, 191, 141, 196]","[145, 160, 168, 346, 403, 459, 485, 666, 712, 633, 697, 625, 379, 327, 358, 257, 207, 166, 101, 84, 64, 60, 19, 18, 23, 29, 27, 10, 30, 9, 7, 8, 11, 5, 10, 7, 12, 4, 0, 0, 0, 0, 0, 0, 0, 0, 0, 0, 0, 0, 0, 0, 0, 0, 0, 0, 0, 0, 0, 0, 0, 0, 0, 0, 0, 0, 0, 0, 0, 0, 0, 0, 0, 0]",144,structural_break
task_014,"[0, 0, 0, 0, 0, 0, 0, 0, 0, 0, 0, 0, 0, 0, 0, 0, 0, 0, 0, 0, 0, 0, 0, 0, 0, 0, 0, 0, 0, 0, 0, 0, 0, 0, 0, 0, 0, 0, 0, 0, 0, 0, 0, 0, 10, 25, 44, 52, 122, 102, 117, 143, 249, 281, 312, 341, 371, 399, 427, 453, 478, 502, 524]","[543, 562, 433, 595, 610, 622, 633, 641, 646, 651, 516, 656, 655, 655, 503, 645, 485, 626, 615, 469, 452, 422, 471, 412, 386, 365, 342, 313, 294, 296, 277, 263, 253, 224, 179, 99, 148, 108, 71, 57, 31, 22, 6, 0, 0, 0, 0, 0, 0, 0, 0, 0, 0, 0, 0, 0, 0, 0, 0, 0, 0, 0, 0, 0, 0, 0, 0, 0, 0, 0, 0, 0, 0, 0, 0, 0, 0, 0, 0, 0, 0]",144,structural_break
task_015,"[0, 0, 0, 0, 0, 0, 0, 0, 0, 0, 0, 0, 1, 3, 1, 1, 0, 0, 0, 0, 0, 0, 0, 0, 0, 0, 0, 0, 0, 0, 0, 0, 2, 346, 906, 927, 933, 917, 130, 35, 98, 19, 0, 0, 0, 0, 0, 0]","[0, 0, 0, 0, 0, 0, 414, 718, 18, 923, 960, 979, 984, 970, 601, 51, 815, 20, 463, 0, 0, 0, 0, 0]",72,volatile
task_016,"[0, 0, 0, 0, 0, 0, 0, 705, 894, 977, 1022, 1049, 686, 1, 0, 9, 276, 0, 0, 0, 0, 0, 0, 0, 0, 0, 0, 0, 0, 0, 0, 541, 746, 347, 617, 472, 644, 1031, 1039, 32, 38, 0, 0, 0, 0, 0, 0, 0]","[0, 0, 0, 0, 0, 0, 0, 146, 421, 571, 734, 626, 516, 548, 468, 187, 4, 3, 6, 0, 0, 0, 0, 0]",72,volatile
task_017,"[0, 0, 0, 0, 0, 0, 0, 0, 10, 621, 259, 421, 352, 832, 797, 722, 557, 0, 0, 0, 0, 0, 0, 0, 0, 0, 0, 0, 0, 0, 0, 0, 3, 223, 42, 40, 87, 0, 1, 6, 0, 0, 0, 0, 0, 0, 0, 0]","[0, 0, 0, 0, 0, 0, 0, 0, 0, 0, 0, 0, 0, 0, 0, 0, 0, 0, 0, 0, 0, 0, 0, 0]",72,volatile
task_018,"[0, 0, 0, 0, 0, 0, 0, 0, 0, 73, 0, 0, 0, 0, 0, 0, 0, 0, 0, 0, 0, 0, 0, 0, 0, 0, 0, 0, 0, 0, 0, 249, 649, 796, 867, 903, 4, 0, 2, 0, 307, 2, 0, 0, 0, 0, 0, 0]","[0, 0, 0, 0, 0, 0, 0, 0, 19, 0, 0, 186, 1, 117, 31, 13, 0, 0, 0, 0, 0, 0, 0, 0]",72,volatile
task_019,"[0, 0, 0, 0, 0, 0, 118, 305, 504, 689, 844, 948, 997, 990, 678, 805, 644, 454, 256, 78, 0, 0, 0, 0, 0, 0, 0, 0, 0, 0, 115, 299, 494, 674, 820, 926, 978, 842, 903, 787, 627, 440, 202, 58, 0, 0, 0, 0]","[0, 0, 0, 0, 0, 0, 98, 270, 456, 403, 568, 367, 96, 490, 211, 195, 305, 178, 17, 24, 0, 0, 0, 0]",72,volatile
task_020,"[0, 0, 0, 0, 0, 0, 0, 71, 225, 400, 636, 734, 763, 721, 611, 442, 236, 38, 0, 0, 0, 0, 0, 0, 0, 0, 0, 0, 0, 0, 0, 61, 255, 449, 602, 696, 724, 593, 458, 327, 149, 25, 0, 0, 0, 0, 0, 0]","[0, 0, 0, 0, 0, 0, 0, 36, 248, 440, 593, 683, 713, 674, 563, 405, 211, 32, 0, 0, 0, 0, 0, 0]",72,volatile
task_021,"[0, 0, 0, 0, 0, 0, 0, 0, 51, 238, 419, 558, 639, 652, 600, 486, 321, 131, 0, 0, 0, 0, 0, 0, 0, 0, 0, 0, 0, 0, 0, 0, 50, 234, 413, 543, 612, 637, 572, 452, 292, 100, 0, 0, 0, 0, 0, 0]","[0, 0, 0, 0, 0, 0, 0, 0, 44, 214, 180, 512, 588, 317, 409, 445, 291, 115, 0, 0, 0, 0, 0, 0]",72,volatile
task_022,"[0, 0, 0, 0, 0, 0, 20, 90, 215, 397, 682, 752, 775, 743, 664, 540, 386, 217, 40, 0, 0, 0, 0, 0, 0, 0, 0, 0, 0, 0, 47, 229, 337, 439, 662, 735, 757, 726, 648, 526, 372, 203, 49, 0, 0, 0, 0, 0]","[0, 0, 0, 0, 0, 0, 56, 204, 365, 506, 634, 497, 726, 693, 612, 489, 338, 177, 37, 0, 0, 0, 0, 0]",72,volatile
task_023,"[4050.764851136376, 2254.130393811329, 2052.2647970999656, 2098.7045246674024, 2067.4515610205412, 2154.2636692281912, 2162.0564273588298, 2244.6976766322327, 2343.444432258084, 2728.6837858488616, 4858.802426793408, 6197.615194945261, 7632.948523534703, 7843.377975850553, 8232.019740924254, 8374.530597443316, 8237.343007026655, 8312.088666656615, 8185.63638287131, 9402.87247296453, 8894.50287010324, 9252.761884247719, 9076.81466780031, 6688.011590582659, 3933.5739958290465, 2511.585612283254, 2314.587555961794, 2114.772565366924, 2129.5776235773205, 2095.38267141334, 2056.2409378721077, 2178.8940621998468, 2559.8284947129823, 2768.085034138275, 5377.905062598969, 6193.00025233877, 6934.8360601447575, 7288.788319071776, 7656.38074524407, 7180.798941183697, 7550.912090904633, 7333.869847193219, 7983.138652508659, 9160.384139292906, 9936.670760820874, 10282.130532127383, 9825.680133971347, 7368.993763332512, 4373.926988656026, 2647.5872516386844, 2389.9706796787696, 2166.942177656968, 2111.2671915628025, 2269.8806610833244, 2360.9749180305644, 2333.5207977407476, 3300.512122980036, 4240.355874928861, 6059.235707488381, 7096.702968472794, 8361.997651770267, 8469.065895578748, 8841.98361877768, 8435.45141788862, 8469.245769083838, 8398.317032028415, 8621.18274774289, 9191.748968723456, 11052.104039996884, 11983.59217475241, 11590.67351576015, 9556.095230862597, 6888.566226105135, 4241.680297587959, 2308.6529783931765, 2160.5822405091294, 2190.762659640488, 1866.138001979124, 1942.5463335177387, 2367.336256869987, 2794.9284925070565, 3223.8715267925795, 4707.39975369255, 6956.728092441327, 8774.750072994215, 9662.76504589024, 9823.762687790522, 9696.032624597541, 9967.888134961288, 10197.363402655059, 10388.259465944751, 11243.904143795078, 11076.581093365048, 10679.742140479872, 11136.789043039598, 9881.583654774418]","[6129.386435025882, 4093.310897196098, 1901.3705764685556, 1563.2922084196653, 2068.9001548797187, 1945.9469081986617, 2041.1184067110353, 2252.0619456223585, 2984.802000627844, 2977.123858246451, 4446.333857073918, 6255.662081898119, 7554.002475083405, 7940.6100239054, 7926.889225448666, 8208.914858683913, 8019.608316653884, 8571.738648504248, 8317.617925902512, 28038.849499028936, 28170.365395276374, 8885.785770191558, 8797.89664539389, 6325.5881197654635]",120,volatile
task_024,"[33.534895257586186, 31.272637548713906, 42.381146837950006, 52.63305200925824, 68.33332574038464, 78.29743062569702, 62.60253726109366, 47.96899803541727, 38.756014409750044, 30.398762259860987, 21.01519535920312, 22.424266992446313, 19.93044270399844, 20.221420027982965, 21.349062106936735, 41.59532204392219, 56.603790283242034, 39.865098682831565, 39.31961057263912, 28.97480918587753, 23.726319493283402, 25.440552367208095, 26.88447855091149, 25.903670729172557, 30.283651959368143, 19.94527963921048, 26.776508762609026, 46.87023381798027, 69.05267177497998, 70.40240604936712, 52.791924847930176, 41.131578551359134, 33.28957546103614, 27.522356488794777, 24.639809825397315, 18.410619129184866, 19.349436643198135, 17.56580893370559, 19.34092213429266, 31.350676863339682, 52.21862624162337, 44.39924403592963, 33.50738657909172, 38.70074504141535, 35.27154535798788, 35.874247261993744, 37.372240899081284, 35.73619104594086, 35.931928886414155, 27.33441876054925, 29.669459436198913, 46.760347277058436, 73.4249618302498, 79.51647358609412, 66.45788551269099, 50.34503305553832, 40.62116579278888, 35.924378502766, 30.3483772349337, 28.642276431396848, 19.344414675511707, 18.931984555214644, 20.256023111334027, 35.122465484104175, 46.55785361786605, 32.815333305923716, 27.086011416925103, 36.60387799238845, 30.333551467857614, 37.770274697741705, 43.839830155166084, 37.91652190458779]","[38.8059825748157, 39.44733314704202, 45.760978896158655, 68.06261091640704, 100.17669621020326, 107.66975428417682, 259.00023999520056, 254.47756607022882, 255.16316216373076, 43.18449919647136, 36.98818130637631, 38.95392656223351, 34.70164209107807, 33.747941281329055, 25.581390583476825, 33.64566165162468, 47.93517111732589, 44.24486715844466, 31.584643181331224, 36.566487928904735, 28.473542862470843, 20.659837292008113, 35.03778906325404, 31.145233042535033]",96,seasonal
task_025,"[831.4082167061492, 889.6528008586583, 884.5620285805765, 1417.5605983467392, 1994.4408288419522, 3475.0387470645655, 4938.446757197669, 4734.536144092167, 6098.423004473466, 6037.317548681502, 6171.270871024083, 6141.650007561191, 5725.657839634776, 6212.5955467769545, 6083.686152222404, 4833.523228544497, 4844.0877008887755, 4807.979495816297, 4502.838997834902, 1992.76106523025, 1190.992456369113, 1098.2954325576543, 964.676392377484, 986.5245597269142, 968.5840933886244, 872.8684797737151, 863.5282468462651, 793.2109888439078, 2867.048575503538, 4881.721292650551, 4606.694267638449, 5893.265110055199, 5835.211726066207, 5852.041392771146, 6218.614523789475, 6470.330790743713, 7005.781082385265, 6557.293932079778, 6291.6105913234305, 5766.583867343152, 4365.075626450651, 5363.794206847033, 3922.8286348078072, 2019.4319706233116, 1233.2893970929088, 1055.7468763346142, 962.9630892042375, 847.2935319967297, 871.0725988635639, 806.5864779072253, 888.6947588776565, 1880.29199252367, 2045.4432586032024, 3189.20202990439, 3253.5522138836304, 3658.9768984702678, 5572.171659349862, 5616.1588253652935, 5283.133394559918, 4271.607246446452, 4956.105953460131, 5292.42459512634, 5428.845295301, 5071.95958320325, 4133.888606731829, 3802.757198146845, 3879.592897347435, 2043.4264556009182, 1161.922072211749, 1072.5321757508382, 1083.4352772849159, 891.9144056996729, 776.9897625372016, 925.4545747359992, 858.8258600639367, 1057.5681308399223, 2075.7904835809168, 3142.2369645659496, 3381.624985585784, 3853.1629949264507, 5504.279474249201, 5711.720132610951, 6463.51678359645, 5425.880185912732, 4499.7812463398695, 5690.159594807792, 5865.903352127125, 4326.654306542453, 5575.1156460349675, 4600.169021273913, 3869.767876581382, 2101.9126630756814, 1129.0146305846586, 1005.9161223222271, 997.4099576190029, 888.3094828414121, 976.0338135876868, 929.5913471256026, 890.3488138807975, 1118.9262758839243, 2049.872442782567, 3237.7112519512293, 3576.9208001995717, 4365.436684408534, 6266.966216537049, 6188.244487658282, 6074.020155747969, 6176.509503074671, 6198.837915171698, 6174.00623016684, 6466.952734399073, 5659.686396969271, 4450.973440334816, 5707.869034250175, 4254.171081882514, 2260.045079741663, 1115.381281768681, 1025.3272641943997, 1115.7134873040914, 893.0440151229858]","[1171.708358046429, 708.2079451801525, 1209.2898853520924, 1066.8326943391235, 2284.8936836920775, 3358.827757197422, 4015.20010641034, 5309.9498201960905, 6185.3011976840335, 31062.13284546123, 31187.170919537537, 6596.688611691946, 6444.920641152272, 6114.567375036314, 4845.5882598672615, 4952.115954131424, 4591.222494913455, 4271.699874880036, 4842.946395809168, 2239.0039554537652, 1018.3876776527923, 728.0442114262852, 838.6386594961007, 1202.2183768210252]",144,volatile
task_026,"[539.0949242481807, 421.6721318562548, 441.55444846703034, 455.9937650265583, 444.31184836314674, 498.3189806616768, 463.20974810282837, 487.9928443365588, 472.2918956269593, 851.6549909598402, 875.4079929563516, 793.2727884015916, 776.9021267660127, 861.3130975934341, 893.214097896341, 848.3976819532933, 756.9482544339575, 840.6124942440886, 966.432834488503, 592.9232385833674, 444.83295357864455, 285.2823885156276, 201.7894661486234, 218.31807519223457, 179.23336346107152, 172.15026405567585, 175.0243370330107, 178.89181057488565, 184.82742331452033, 196.12131999273137, 219.0401378017517, 186.6827735759069, 204.98018481495865, 177.8606093423766, 203.4843950716429, 197.6488122082273, 224.06357389141326, 212.67802892278897, 236.26942452812162, 236.03834079821604, 200.08487861683784, 198.83581064503846, 192.54273560194505, 191.7725274064752, 210.15677837388964, 210.28873723424346, 206.27870695550882, 192.26255290939486, 201.85000446242879, 188.63719946473373, 191.12760357601226, 168.39833347953905, 191.9027029643744, 160.9398323635433, 184.43522006887926, 179.20647075457842, 205.5667338430203, 178.20545266235516, 201.64949738233975, 208.88266033684175, 170.41034620474878, 187.23253013969216, 200.77018832265776, 189.72941593906836, 194.64326381676148, 192.41015211094611, 209.11316686059186, 224.96219438458692, 201.2914817733765, 256.37881519112506, 381.5622684272489, 506.2802273619005, 623.8912136465954, 463.4197495833113, 428.773567707045, 456.84953270951945, 447.814646114293, 519.9699063079877, 480.44107076717535, 475.1389005576339, 492.2198154261744, 484.0054760641812, 583.45000297687, 989.374751157154, 875.1638561543494, 949.7136411854245, 915.9676172876731, 910.4618623434328, 901.5496678743368, 843.7990441973654, 887.4984765080978, 723.1567338317619, 503.99710273607684, 357.26804224269694, 282.9535273916013, 390.5059119174057, 559.5827036411782, 430.58985598653413, 418.57977380968924, 445.29245851668793, 449.7225645529057, 645.9482856743494, 535.2463087872351, 471.44531422391736, 475.84103898004304, 492.056152540987, 515.5897857906573, 902.4120669469181, 928.4699091477547, 986.0612030553649, 968.6186374318277, 912.2271930058203, 918.3999645214893, 979.6846067414829, 1038.4447871335437, 731.5218252994293, 466.0268886954157, 380.4592581239426, 290.3837888874348, 284.96206263470685]","[563.770689492331, 549.9816534212486, 484.3725226699889, 481.16479438010964, 531.0161092584203, 628.1237704610297, 534.0516291172329, 520.6375234695766, 546.7420670368326, 806.687879843933, 904.9326277547892, 859.4854334236451, 680.488035428447, 2458.297907564128, 2465.713898126267, 2430.975664437983, 809.8102596690292, 917.9736367914285, 970.8959545450225, 681.4903767648345, 722.8756939780648, 554.3620575894286, 409.63080430158584, 483.765866884361]",144,volatile
task_027,"[70.66827401130655, 90.11044832244825, 138.4926154103258, 128.02763408701549, 103.1892758783988, 95.48662441108499, 90.88141988146789, 94.30710647777308, 83.79252215214653, 84.3192760052709, 106.48770438100794, 102.9705147806081, 99.5130524041149, 129.68611035738095, 108.50064108804379, 95.85934904973412, 84.43067877601624, 80.26948056496532, 76.56484049945348, 75.37676172448272, 67.93051881037475, 42.06047557761728, 53.12835712047488, 61.893372963606645, 64.21544018624513, 63.70448503076095, 59.23953542137972, 67.03472754493644, 73.61724713498728, 59.12373217192962, 57.86451958723182, 58.964407991684276, 56.95128278094515, 67.93937891979441, 95.88136741750854, 83.56902139538583, 99.43601845869102, 131.53122837578636, 112.77291365667642, 96.14607370669799, 78.51209481069365, 76.00326161155603, 72.72632949358719, 68.92212933440365, 64.34608530143707, 43.534667146798384, 55.73350894508696, 66.15543497346708, 79.07546720064488, 67.053487478768, 81.07337864998927, 81.08271837443893, 65.79337445845141, 61.164101333043206, 57.142046845138076, 55.05524008498749, 57.826468581129504, 67.65502287646598, 105.64256369648209, 121.48894145691416, 118.67177017268192, 137.6457954535863, 124.74244123370113, 110.22317926887675, 89.35890301935736, 83.2061011911991, 76.43950893764935, 74.23127014978077, 67.36778516986361, 49.26919568750337, 57.988592761738076, 59.49043082208334, 63.65095414074522, 54.83317213583365, 65.89238484428432, 99.47432404197461, 85.58455513015349, 75.1850955927316, 82.94826523753196, 73.74824816668615, 71.59506137891053, 90.12702838248828, 121.11577294148391, 128.64317149221702, 122.18923485048938, 141.01769322997978, 125.69818166925882, 107.31443743900948, 85.82265658945701, 82.11261526621666, 77.9370019180713, 75.70061927087914, 71.91537215112317, 48.67338447699698, 60.025027672701576, 61.33859211527389, 65.37617750286287, 54.41952397358405, 68.57482747751445, 67.361438513968, 68.90961598123963, 64.74492900722196, 62.08885166882321, 59.2557590914775, 64.01717726664639, 76.58581830585106, 117.05577897524324, 124.58524975432344, 105.75019742362998, 129.80135690707786, 121.50104750825088, 99.32973250202949, 85.75299920189407, 78.32984758179562, 75.15176244077807, 72.75364119776124, 66.48719589510375, 48.02357006510297, 56.37605982335277, 63.4119635382328, 70.25470368330899, 59.88732595963885, 72.27459564608888, 87.19864982773606, 72.32893424615236, 70.5530756615635, 72.24133962178615, 65.54753947830052, 63.87321172502332, 84.3574752040155, 113.3048356979356, 109.04008835383532, 119.40338033835853, 132.545040048065, 126.46617212432162, 107.00061410118334, 85.93804664580672, 81.87310032433074, 83.70014747231096, 78.41907041222277, 73.69188208485325, 52.113264892688605, 50.13745574087023, 55.423828976072826]","[64.39251425431365, 75.60139497692357, 101.94126318844414, 96.52572335084389, 88.62873284102862, 89.22894060334984, 76.39798774275727, 76.81445623957735, 85.0395544462494, 87.37848974041813, 118.0913281404294, 117.75964090903456, 115.53378260236545, 119.20046493418415, 350.93799918511985, 348.09821517123726, 346.6150480672259, 91.18660010803721, 91.24182874970883, 78.19418688580626, 66.87556284969573, 43.78409413959787, 50.55464598886416, 52.31199848145522]",168,seasonal
task_028,"[522.7915362100584, 606.330398897294, 640.2367071575907, 700.1392731295837, 654.584207383069, 643.4407462075072, 634.9483609782075, 639.0919284974217, 669.6991904194551, 707.0288206821508, 712.1385224870023, 649.1047830648793, 628.7575010316253, 601.4085487957517, 510.55397125080265, 376.3094200809957, 355.45214603481054, 361.0420603505852, 342.16599491982436, 329.2562433437377, 349.62139434759115, 577.3434648103172, 444.9608636809585, 536.9599779272445, 521.0489341424483, 602.8630026628435, 642.667902922709, 654.159370084705, 631.6703137858012, 660.7154711073787, 649.6256243089914, 649.6474078886646, 686.318864986206, 685.2563259827541, 690.2990851058504, 679.9663972168012, 635.7580645176295, 600.9035334478074, 519.4577048726152, 380.39686758233495, 373.5353379055761, 367.49579616565285, 351.3817134847773, 351.6241448530512, 367.7402756402122, 586.3004230844336, 466.70291640003626, 539.6267230924861, 527.6521413694308, 590.0044504043608, 699.9528688616743, 744.1533474138536, 683.1629248494365, 674.5150974208115, 640.8092605681468, 640.2075953302866, 696.8449224644869, 690.4438957723395, 689.1404423288341, 625.2555833588531, 598.3032539212331, 564.2098120353863, 502.84052762922954, 374.8886857297977, 357.3808430248783, 348.9520479186487, 347.0169986284415, 361.0898198653593, 354.0815583040237, 601.0099216551467, 463.90683255782193, 524.9957668159642, 490.4365588293508, 584.9151618785467, 627.484460235732, 657.554844344152, 671.9419515748322, 645.7778707141638, 653.3388827135025, 649.8094367426589, 676.7304822522799, 682.3998792972855, 675.3094034383624, 673.2022831102129, 655.1922807523387, 590.6782307293037, 550.2137053201006, 448.0401077904714, 431.18304808319317, 437.64047423854356, 445.2776941886583, 463.9073683145905, 432.96270437540335, 592.9713558874005, 494.89342889719615, 523.8171107989333, 507.99718014675324, 594.9537221816508, 653.6974787316323, 670.9349596563973, 639.444626682261, 626.8334826866528, 665.959552601189, 641.5018149009054, 693.0729192326198, 696.3826130864492, 689.1477813442613, 668.9119497361906, 629.1237955419776, 560.0173015738408, 481.01399531557894, 348.80586527383804, 327.46326903907806, 327.7066495184545, 328.65044715960505, 328.94395680619505, 327.6465614714614, 536.6151952895509, 420.5049769342526, 486.34725683542496]","[512.530904689711, 569.5333836114971, 646.2526664159117, 655.1198012651538, 675.5783729846856, 640.7265345601173, 2026.521137052615, 655.0841913268265, 706.0754912142252, 735.6161064340328, 732.7016479823303, 728.9245170143686, 666.8896469471082, 611.573019201351, 530.4455891955943, 380.63786864156975, 326.2914377053066, 354.89632999528635, 325.0966428564013, 311.80652845699507, 332.01008335182627, 588.6176415857765, 510.10070773008914, 530.1360085585338]",144,seasonal
task_029,"[94.8799427479839, 92.89570359499295, 92.91466965139442, 92.41902944191023, 91.51263538984452, 99.4705403029981, 101.05261304217173, 95.50349994269268, 100.62527271861198, 99.83659060498832, 88.71868882543433, 110.09129970092046, 123.98473190149562, -0.4334403487408443, 1.6532571181538185, 0.8167404825098266, 0.6939231031272362, 1.0487707473616734, 0.7332631910033689, 0.08208843302199809, 0.5320830379541411, -0.9051645230777753, 1.1405767186634774, -3.02394256200595, 0.372951519990893, -1.2576859496929453, 0.02228146917222115, -0.1403049741635478, -0.460446080972301, 146.53193114431437, 138.61071416281717, 134.94840704915737, 131.0675652381196, 119.72754191075606, 113.70634609502163, 106.68835266767555, 86.45736481424747, -1.7778719684396886, -3.5789528581983294, 0.5370011673944651, -1.334642476028073, 2.11016153026299, -3.2844884890007546, -0.8575661886541702, -0.872028031783845, -1.1618404279803451, -0.8108294539306647, -2.1011499276617203, -0.8796810396944814, -1.5851294674959242, -0.20964599655285276, -1.2012360739940255, 1.4760501048243093, 120.25241981666993, 141.13665769987654, 123.08582596813555, 132.78240600793995, 115.00958429000784, 120.57328823560682, 113.45634634245377, 86.13633795426577, -1.8096567613103138, -2.181199115938986, -0.8195845988492256, -1.1917220846714442, -0.12363200429443137, 2.400604328714419, -0.2209669005991976, 1.939768995483561, 0.4475161384356264, -0.9286811756856026, -0.7796596369221599, 1.129195540837508, 0.39783432783586226, 0.06643663128141891, -0.3190913087972561, 0.028886338202441166, 100.69203410327879, 189.7809977703222, 138.04579322414463, 132.55624247540192, 122.40528899867505, 120.31518463591942, 116.77292177943114, 87.72516216050018, 2.314181262667, -1.0376534516952236, -2.8943012564224766, -2.72843462612894, 0.23813814570572753, -0.558908745582621, -3.0239295134448225, 2.466109744848376, -0.1394017867019678, 0.40958530816480115, 0.07791084873462067]","[-2.450531398169833, -8.573109830593419, 5.7191645608694035, -4.011958530075141, -4.881908210400219, 95.76766198967792, 851.7320922648693, 160.06058208160985, 146.03885536141385, 144.4904213528284, 148.91536296482428, 153.61523391204742, 122.49616292165786, 9.872728492744143, 8.226842410026997, 4.405991857743501, -2.3421219841612695, -0.21563461952812857, 0.08041844686205948, 3.8096004361846827, -2.7424562717736545, -2.1234072288292913, 7.505906921389006, 0.2605124286993589]",120,volatile
task_030,"[538.9531667665501, 480.4012307849029, 478.7865166968967, 501.45985485808313, 392.28757244227614, 283.54694825699346, 266.2226910818304, 277.0631933364569, 257.240870811847, 253.9205695329731, 247.76323338739365, 231.55040103040108, 331.49588152677853, 525.8040413432659, 488.13564010528114, 508.03556624328445, 506.5292300623847, 508.1206387112357, 550.2933108532226, 500.8134523607758, 528.1397724126226, 494.6386600572702, 574.256148587163, 559.3950799463719, 522.3235353260294, 519.2447085730774, 496.33326438726766, 507.65695247618544, 430.36947476280415, 345.1367172156022, 335.99505287595895, 331.0801652926539, 288.1278971808187, 268.48440284019574, 265.02456873715045, 253.75467022255984, 365.77231321814634, 507.82975980137564, 516.7513026982575, 464.79497654879555, 543.4443653364513, 541.9156581255576, 537.3389680080558, 560.3166921007195, 504.10133857969856, 514.2064668201873, 564.3459220715973, 574.4356058070189, 546.0288661716521, 501.8670963107484, 527.9754231384223, 519.5405366661505, 413.1004378646122, 294.7727957164339, 285.4973440565773, 294.6044442383811, 282.43859906782023, 249.78235617429974, 254.91545486691342, 240.65736296304613, 348.89890234356943, 493.21379572055804, 493.13496225020356, 473.20125301340227, 526.7965732396922, 549.3251448160001, 535.7631634801196, 517.106719705235, 475.4344846680755, 519.3718598123413, 538.8409960671968, 536.3812945555936, 551.1911360590938, 525.7331197092277, 517.109796520999, 515.6737928097109, 421.0938246463625, 301.23845329584395, 282.56846319244937, 299.79224609869584, 283.6615124134019, 270.3100119939835, 266.6372046969887, 247.83560282680207, 346.62080308506154, 494.977780014963, 549.2663286946353, 511.35816112025736, 557.6053276080961, 560.6008378716078, 565.9186358986199, 564.7010137559979, 504.78848976403793, 505.87557808286755, 550.00994472001, 588.5802667339921, 521.0727329274506, 501.1977946121079, 499.4468733348619, 515.5677927457034, 402.3774492327509, 324.3944032713721, 272.6496289518644, 300.10611963523235, 274.442471713361, 253.30601375781228, 250.26082521925724, 237.51684934992494, 334.9368359316204, 515.9010001299706, 534.6907375241933, 505.30764342575526, 540.3154100308792, 549.1073678067844, 575.458723733982, 544.35738948016, 491.5611987030768, 482.4760606299016, 582.8027250913744, 590.2937703423147]","[537.4513241366, 495.2490498149827, 531.3633633017504, 561.8598565435522, 457.3327141962463, 369.2486040333208, 347.92466356105143, 346.054031066618, 295.1918739658516, 313.37203390279126, 314.10863777519495, 290.6961971404741, 385.73918372547706, 546.9161158410373, 557.2267510573653, 570.6421572036849, 579.5689853291041, 626.934464327408, 620.1270129715296, 2378.887864297142, 2409.5999897695183, 575.6975058817826, 627.9699702459685, 644.760793704761]",144,seasonal
task_031,"[420.83004561313055, 410.89761216258154, 401.20042577107705, 391.73708296729865, 335.9646363807219, 278.93020257889344, 272.5146503089237, 256.5265422277612, 266.9225824475203, 279.4120382558228, 320.83107150682537, 303.8056892338752, 403.6036363091677, 367.9857274742555, 376.1014510292681, 416.5490955722289, 400.9560619995622, 440.87223187602814, 426.2763780094401, 429.71497092770926, 413.42092717736693, 398.9282261138935, 377.4042297209779, 394.04997351659836, 351.467597989629, 285.6150602056729, 266.2391092347923, 277.99682215026075, 226.77758539887358, 211.93127199917737, 213.36921231958058, 199.15346875569284, 209.54485657792952, 232.5674614188748, 204.52365693539497, 217.65053830206466, 218.00749429954735, 218.5083458307043, 270.6074121347466, 282.6420637713345, 288.2575893871424, 270.02968786292183, 258.314480239142, 272.35736711662344, 266.7956860915058, 274.8504785795574, 268.7207625025205, 280.063354874432, 291.785072509432, 290.11069640680273, 282.0171773571699, 293.29589242272584, 248.01483168975597, 216.19965561388827, 221.64612223657483, 198.11281931659707, 219.9008105589567, 232.17474601204586, 214.21627036637483, 205.2290710106656, 280.1079290402775, 346.90540707919945, 456.5217534800475, 444.75910267659043, 404.9218823135449, 405.4678567367861, 406.40042363604806, 383.02391080872485, 369.33806302476785, 399.7718187111197, 380.87762909438305, 413.097841317592, 410.2977801252429, 424.41267579358896, 408.09781378626553, 412.7830434180255, 346.23148969015705, 289.3392734142543, 265.06187155398624, 260.9198731793304, 227.3213530167927, 245.21942007210967, 211.5181441327281, 231.8720965910482, 293.5749968559691, 372.37822925883756, 486.3864200237146, 492.539994822033, 437.1459124355566, 443.77655436683915, 421.9564146231338, 394.1489643841436, 411.71604439953654, 414.0138516887182, 413.10111198455877, 401.4736715573821, 432.0200178361823, 447.7703557714622, 427.04121913976326, 407.632111068075, 324.1691069915735, 276.5538311318097, 223.67417687085165, 203.3147176723355, 221.039599734705, 220.80000758117703, 210.5267900519113, 223.11567526693673, 246.4580915995968, 315.89562207036164, 450.7944007150029, 526.6997487323242, 528.3253204007856, 485.42766110500753, 500.99237112810283, 489.12778862746, 460.19074940816836, 472.6334573564374, 456.84816195780996, 448.7989278124387]","[481.8060804565898, 1934.2754406906886, 460.5103963209417, 439.4044145061006, 319.5509551764437, 310.4906237678494, 261.54496960891646, 207.36101094998327, 220.2105628108116, 239.30447126216288, 226.152334340527, 238.98956281541018, 308.2037880750028, 380.24348997097303, 438.589088284283, 469.734712714979, 477.3966559397846, 415.291535057232, 448.3478853073252, 486.2279169157011, 414.93321988562434, 456.3221892519441, 400.8698558271841, 475.49532849947553]",144,seasonal
task_032,"[96.89866370424103, 147.27282100635855, 160.16199302875236, 168.5372973180411, 179.23882717332913, 194.41389973478528, 184.91524938774344, 182.3301845780456, 178.63247392025994, 178.18327159489576, 182.611242021359, 193.5975363690401, 200.03245387136727, 183.40742434594395, 165.72741162322086, 128.6701754902692, 88.70986158846578, 90.96124108955874, 93.51906649646055, 95.63190559467677, 89.78430885108504, 85.32882166105102, 96.00995722277257, 84.25637811504042, 97.7289423675772, 138.71550533756428, 152.21579573362558, 164.0516458746178, 171.66064817213856, 181.78721191377034, 192.24426481055318, 194.2002385394597, 180.85989719560743, 174.1687710308283, 183.49628482646318, 204.0248565816487, 173.11436515532407, 172.86283380071043, 144.64100765784562, 111.18626382465115, 90.47708855479114, 94.0500867824094, 95.74341939017816, 99.91932102918588, 93.19274731876241, 84.11564241116506, 97.11773146742453, 89.27664617401258, 96.47193630125345, 167.40880877232817, 180.88613646079048, 161.88625942967525, 168.17208344329887, 191.426445265, 189.56839191158508, 186.18932338024933, 184.59181109410736, 174.53986478443568, 184.66691568188978, 214.1490135437657, 189.06827067768586, 180.70330642207566, 175.8432837529437, 136.95571191193082, 110.66756659988819, 99.25345316494263, 99.08811749559314, 103.81062392219351, 101.36068297786109, 92.53003543508284, 98.85703989436806, 90.84352648088043, 101.06805419677973, 164.92249796923747, 183.13380482630697, 163.87018832560938, 174.07597631364706, 192.33295787762356, 177.96280932336782, 174.5230773636745, 166.75152489146117, 161.81056250908435, 185.64179429577052, 184.9292218825814, 188.0554447707629, 182.94501990916476, 165.67904896446106, 140.38304627504468, 122.18132577569051, 116.5064163884065, 103.95189040288697, 103.55170995273902, 99.49736181215471, 90.16295152134076, 104.35480305339206, 93.67115095934244]","[107.44257431668571, 165.31030686997505, 179.73679756830896, 169.14344077108407, 176.3801904000328, 189.78511072749973, 175.74262771528845, 191.1471016567818, 556.2018337466338, 550.1427759486576, 169.72505994212358, 197.1539839171097, 179.91441541044554, 188.78455600748626, 166.1641747351742, 135.99453132059386, 113.44563165621501, 106.04794388458619, 101.26215126538091, 103.66174012965753, 100.23022720666248, 95.33504829051483, 94.84255628130342, 95.87009127492675]",120,seasonal
task_033,"[707.1472576106527, 678.7431855632956, 700.4983005823271, 917.0640498680585, 1364.61656883521, 1348.8766665357402, 1129.0659746938215, 1015.1199127014958, 1085.8128265219314, 1077.119667227077, 1051.6462474547695, 1061.0319561745614, 1107.3757814435864, 1159.8943936146047, 1233.8424938985881, 1287.2433873278999, 1239.3184311406474, 1307.2307398790047, 1175.5207572624415, 1051.6617495863081, 917.0163224146992, 763.3255049271896, 771.248483601347, 749.5191932828562, 722.4164124993837, 706.6621089873314, 712.4104373517162, 1057.5725452171962, 1293.3114621322684, 1258.2861808817554, 1124.128913273816, 969.3344657873474, 1152.7393996480191, 1040.939993885297, 1079.6481788435867, 1065.2336442246956, 1076.9764231671454, 1084.1933589944915, 1155.7948735389389, 1102.4413553146012, 1032.9516941332683, 1141.4363746431563, 1048.7946279807031, 1051.8031646070974, 899.95030454944, 748.5655795957296, 776.0940192145173, 762.650994582423, 698.2338444011181, 690.2842103821698, 687.7490458667445, 969.0223819086855, 1008.2651149192104, 981.9650673482582, 942.942112302192, 948.3020612899765, 1112.7009037015303, 1032.8280911031804, 1052.898825730941, 1051.2324136238399, 1039.3222570402868, 1120.315481727507, 1052.4165220152518, 1128.3526870387118, 1157.3908828489064, 1127.7546506762367, 1057.407152803511, 1003.8922951751773, 852.971615637214, 725.9506096810568, 740.6574066758446, 718.6524218503781]","[676.9412190748934, 664.8478462729054, 674.3605152103137, 989.2476509544429, 1055.7324389296207, 1016.1284629560485, 947.6176446329274, 1009.2582837440261, 1030.447049503711, 1040.4113993054457, 1099.1538444963319, 1095.1884408759474, 1158.982992977112, 1182.9558695607652, 1130.8898447867937, 3631.8550251222587, 1150.719600476865, 1227.4378943184367, 1159.7079174555486, 1101.3512267754072, 1009.1545286608188, 746.6820009340702, 737.1984640713699, 740.0395460712402]",96,seasonal
task_034,"[677.0651953060958, 716.2652608907862, 802.5279664854695, 888.5538457323274, 938.9616396982873, 940.659168652299, 943.2136991546008, 946.0334205608108, 901.6451963819843, 950.871673793221, 1035.2547454722887, 1081.0698633994234, 1057.9292680666285, 1021.9148961331505, 993.2303447105567, 920.451647821301, 812.7183228918882, 649.7518174860965, 511.3330303855816, 432.4034653073475, 416.21479727127877, 417.1528552897425, 690.5356503332758, 658.305532071894, 729.6987682149403, 750.4429562886927, 735.1478996637628, 854.3001024194991, 883.9732291057175, 875.9560900493851, 907.7056658619158, 891.9389781264366, 862.1762413538163, 925.4941195774478, 970.5856540067729, 1031.850521775608, 1001.3533685755528, 959.5381594725864, 922.7693831057644, 832.2352737636606, 768.971699986583, 606.9340285933706, 470.2785731429246, 411.13309629752126, 398.64661949936107, 419.0573885683847, 644.8491635790397, 684.839386777438, 695.7169591835384, 725.0403571622921, 770.7565120569174, 884.076222716697, 922.6409525435053, 903.2784184334416, 915.2563962552043, 889.1033163946552, 904.3010872246718, 956.2788341497945, 997.2442757682835, 1081.0027270824132, 1074.3290267291582, 1015.2357144461615, 945.2854541049621, 877.4862427861718, 809.7321103219422, 618.3003402761121, 491.5718180230812, 421.81254589817945, 413.9056884879268, 438.4358734118673, 647.1552843607566, 684.1040480570085, 752.2951067625344, 694.2822994728721, 806.679034996698, 873.4323441688238, 898.9720716905758, 907.1422534806181, 919.5691846439669, 904.781486898408, 927.8229773144635, 956.2515216358554, 1050.7593765716272, 1137.5194913115845, 1080.2481432570526, 1035.159210646908, 971.1487953050462, 896.8725667974618, 803.152117618435, 632.4844290399096, 488.53423579975174, 426.2746775387531, 389.9446601492338, 417.73971660802323, 664.975575816754, 663.3685685502653, 712.3830344158034, 730.300580070763, 804.971783255116, 895.4682678777756, 979.5451412891773, 985.2916165804602, 902.002019157714, 912.2293593283058, 953.5320457698542, 1034.396212437167, 1077.9369465623297, 1137.6578787992437, 1116.718380579647, 1107.5803072659262, 1002.2102438310587, 955.0860310710915, 878.5382503682042, 814.1514384346724, 548.5097023387876, 399.93377667469986, 365.0712087016634, 403.35437858498256, 666.3080181703531, 658.9875704955033, 684.82079134009, 754.059244310552, 800.1028188779281, 941.0760708192994, 969.121954996755, 982.2659213238867, 983.2268744206193, 908.7239279524264, 979.1206264955644, 1013.8656628244217, 1050.1278763329628, 1129.5837323661885, 1144.883082333023, 1040.826388739709, 1014.615603020268, 958.6154158510517, 891.9233231686469, 842.1603463447494, 555.81724505886, 398.61211318686804, 380.06181866873607, 382.58832752516497, 668.0948143297901, 672.1055850512513]","[753.394332752518, 688.4111719033394, 833.4700810518632, 957.2704968944878, 1043.1661131460955, 1063.4217660926743, 961.7462926688928, 966.2025737436438, 1007.8391307448555, 1012.9271858573616, 1057.454018449819, 5472.40768860432, 5419.378810842698, 5447.253659620362, 866.8140927808338, 896.0839348204184, 741.1684654041627, 656.7092967646482, 490.9140205562134, 382.8018690351993, 466.6649214690433, 592.2431650781756, 681.2968408095577, 640.9279630724862]",168,seasonal
task_035,"[7.4, 7.9, 8.4, 8.7, 8.7, 8.7, 7.6, 6.0, 4.9, 4.2, 3.3, 2.2, 1.3, 0.7, 0.5, 0.4, 0.6, 1.2, 2.2, 3.5, 4.8, 5.9, 6.7, 7.2, 7.6, 7.6, 7.6, 7.5, 7.3, 7.0, 6.2, 5.2, 4.5, 4.4, 3.9, 2.8, 1.6, 0.8, 0.5, 0.3, 0.4, 0.6, 1.1, 1.7, 2.7, 4.1, 5.4, 6.1, 6.6, 6.8, 6.8, 6.7, 6.4, 6.0, 5.5, 5.2, 5.0, 4.4, 3.1, 1.7, 0.8, 0.4, 0.3, 0.4, 1.2, 3.4, 5.3, 6.6, 6.5, 5.8, 5.6, 5.7, 6.0, 6.3, 7.0, 7.6, 7.8, 7.8, 6.5, 4.8, 3.6, 2.9, 2.1, 1.2, 0.6, 0.3, 0.3, 0.4, 1.2, 3.5, 5.7, 7.2, 7.0, 6.1, 5.6, 5.5, 5.7, 6.1, 7.0, 7.6, 7.9, 8.2, 6.9, 5.0, 3.7, 3.0, 2.3, 1.4, 0.7, 0.4, 0.3, 0.4, 1.3, 3.9, 6.1, 7.5, 7.3, 6.3, 5.9, 5.8, 6.1, 6.5, 7.4, 8.0, 8.3, 8.7, 7.4, 5.4, 4.0, 3.3, 2.4, 1.4, 0.7, 0.4, 0.3, 0.4, 1.4, 3.9, 6.1, 7.6, 7.4, 6.5, 6.1, 6.1, 6.4, 6.9, 7.7, 8.3, 8.7, 9.0, 7.7, 5.8, 4.5, 3.7, 2.7, 1.6, 0.9, 0.5, 0.3, 0.4, 1.3, 3.7, 5.7, 6.9, 6.8, 6.4, 6.5, 6.9]","[7.4, 7.9, 8.4, 8.7, 8.7, 8.7, 7.6, 6.0, 4.9, 4.2, 3.3, 0.0, 0.0, 0.0, 0.0, 0.0, 0.0, 1.2, 2.2, 3.5, 4.8, 5.9, 6.7, 7.2]",192,volatile
task_036,"[5.1, 5.2, 4.7, 5.7, 5.1, 4.0, 3.3, 3.0, 2.0, 1.7, 1.7, 2.1, 2.9, 3.2, 3.8, 4.9, 5.7, 6.2, 6.3, 8.5, 7.1, 6.0, 11.3, 6.0, 5.8, 5.5, 5.1, 4.7, 3.6, 2.8, 2.0, 1.6, 1.4, 1.5, 2.0, 3.2, 5.0, 5.6, 5.3, 4.9, 4.9, 5.2, 6.0, 6.7, 6.6, 7.0, 7.4, 6.5, 5.1, 4.5, 3.9, 3.5, 2.8, 2.0, 1.6, 1.4, 1.4, 1.5, 2.1, 3.2, 4.9, 5.6, 4.9, 4.6, 5.0, 5.6, 6.3, 7.4, 7.6, 7.4, 9.5, 7.8, 6.3, 5.3, 4.5, 4.1, 3.5, 2.7, 1.9, 1.6, 1.4, 1.6, 2.1, 3.5, 5.3, 5.8, 5.3, 4.9, 4.8, 5.6, 6.5, 13.0, 13.7, 12.5, 8.2, 7.4, 6.2, 5.3, 5.3, 5.7, 3.9, 2.8, 2.0, 1.6, 1.4, 1.5, 2.0, 3.0, 4.9, 5.6, 5.0, 4.7, 5.2, 5.4, 5.8, 7.0, 9.0, 16.3, 7.4, 7.8, 7.3, 6.7, 5.8, 6.7, 4.2, 3.4, 2.3, 1.8, 1.6, 1.6, 2.1, 3.1, 4.5, 5.2, 4.8, 4.9, 5.8, 6.6, 7.1, 7.5, 7.9, 7.6, 8.0, 7.9, 6.7, 5.8, 5.5, 6.0, 4.7, 3.8, 3.0, 2.6, 2.0, 1.6, 1.9, 2.5, 3.7, 4.4, 5.0, 5.7, 6.4, 6.3, 6.8, 6.9, 7.2, 13.9, 13.6, 7.3]","[6.3, 6.0, 6.2, 7.7, 5.1, 4.0, 2.8, 2.6, 1.7, 0.0, 0.0, 2.2, 3.1, 3.5, 4.4, 5.4, 6.1, 6.3, 6.6, 6.5, 6.9, 6.7, 6.8, 8.4]",192,volatile
task_037,"[4.3, 2.9, 2.2, 1.9, 2.1, 3.7, 7.4, 10.4, 12.0, 12.2, 11.5, 11.5, 12.0, 12.5, 13.3, 14.0, 14.7, 14.5, 14.8, 12.1, 9.7, 8.6, 7.9, 6.9, 5.3, 3.6, 2.6, 2.2, 1.9, 2.3, 3.5, 5.1, 6.8, 8.2, 9.4, 10.2, 10.8, 11.2, 11.5, 11.5, 11.4, 11.2, 10.7, 9.7, 8.5, 7.8, 7.8, 7.4, 5.7, 3.9, 2.6, 2.0, 1.5, 1.4, 1.9, 2.8, 3.9, 5.2, 6.9, 8.3, 9.0, 9.5, 9.8, 9.9, 9.7, 9.3, 8.9, 8.4, 8.0, 8.0, 7.5, 6.0, 3.9, 2.5, 1.7, 1.4, 1.7, 3.3, 6.9, 10.1, 11.9, 11.9, 10.7, 10.5, 10.6, 10.9, 11.2, 11.8, 12.4, 12.6, 13.0, 10.7, 8.4, 7.2, 6.5, 5.3, 3.6, 2.5, 1.8, 1.6, 1.9, 3.6, 7.4, 10.8, 12.9, 12.9, 11.3, 10.9, 10.8, 11.0, 11.3, 12.1, 12.8, 13.4, 14.4, 11.8, 8.9, 7.5, 6.8, 5.7, 3.9, 2.6, 1.9, 1.7, 2.0, 3.7, 7.7, 11.1, 13.1, 13.2, 11.6, 11.2, 11.2, 11.4, 11.8, 12.6, 13.4, 14.1, 15.4, 12.6, 9.4, 7.9, 7.2, 5.8, 4.0, 2.7, 1.9, 1.8, 2.0, 3.8, 7.8, 11.1, 13.1, 13.2, 11.8, 11.3, 11.5, 11.7, 12.1, 13.0, 14.1, 14.9, 16.5, 13.2, 9.8, 8.3, 7.6, 6.2]","[4.3, 2.9, 2.2, 1.9, 2.1, 3.7, 7.4, 10.4, 12.0, 12.2, 11.5, 11.5, 12.0, 12.5, 13.3, 14.0, 14.7, 14.5, 0.0, 0.0, 0.0, 0.0, 0.0, 6.9]",192,seasonal
task_038,"[6.5, 6.6, 6.4, 6.1, 5.7, 5.1, 4.3, 3.6, 3.6, 3.2, 3.5, 2.1, 1.4, 1.0, 1.0, 1.3, 1.6, 1.9, 2.3, 2.7, 3.7, 5.3, 6.4, 7.6, 7.3, 6.9, 7.5, 8.2, 8.5, 8.8, 6.6, 5.5, 5.6, 4.3, 3.2, 2.0, 1.3, 1.3, 2.3, 6.0, 19.1, 39.3, 40.9, 39.4, 22.5, 13.6, 32.3, 6.6, 6.3, 5.9, 5.3, 5.0, 4.9, 4.5, 3.8, 3.2, 3.0, 2.7, 2.0, 1.4, 1.1, 1.3, 2.3, 5.8, 18.6, 38.5, 40.6, 38.9, 34.4, 15.5, 6.9, 6.4, 5.8, 5.2, 5.2, 4.6, 5.1, 4.7, 3.5, 3.0, 2.8, 2.5, 1.8, 1.3, 1.1, 1.3, 2.3, 6.0, 17.2, 38.0, 39.8, 39.1, 24.5, 14.0, 7.4, 6.9, 6.6, 5.8, 5.1, 5.0, 5.0, 4.3, 3.9, 3.3, 3.0, 3.0, 2.1, 1.4, 1.2, 1.3, 2.3, 5.7, 18.7, 33.6, 38.4, 36.3, 27.4, 9.5, 7.3, 6.4, 6.6, 5.7, 5.1, 5.1, 4.9, 4.7, 4.0, 3.5, 3.4, 3.1, 2.2, 1.4, 1.3, 1.3, 2.3, 5.2, 22.3, 21.3, 17.0, 31.8, 40.0, 11.0, 7.0, 6.9, 6.2, 5.8, 5.6, 5.7, 5.7, 5.4, 4.9, 3.9, 3.6, 3.1, 2.5, 1.7, 1.2, 1.0, 1.3, 1.7, 2.8, 3.2, 4.4, 5.0, 6.3, 7.7, 8.7, 15.6]","[15.3, 18.3, 15.5, 8.8, 8.1, 6.9, 6.1, 5.6, 4.9, 5.0, 0.0, 0.0, 0.0, 0.0, 0.0, 1.2, 1.7, 1.9, 2.2, 2.7, 4.0, 6.7, 9.3, 12.1]",192,volatile
task_039,"[2.1, 1.8, 1.3, 1.4, 2.2, 3.3, 3.8, 4.8, 6.4, 7.7, 8.8, 8.2, 8.8, 8.5, 8.4, 8.8, 7.6, 7.2, 6.1, 5.5, 5.0, 4.0, 3.0, 2.3, 1.7, 1.9, 2.5, 3.8, 6.9, 8.2, 8.9, 8.8, 9.1, 10.0, 9.8, 9.8, 10.3, 9.6, 10.2, 9.2, 7.8, 7.0, 5.3, 5.1, 4.4, 3.2, 2.8, 2.3, 1.8, 1.8, 2.7, 4.2, 7.0, 8.5, 9.6, 8.9, 9.4, 10.6, 9.7, 10.5, 8.6, 10.0, 10.4, 9.6, 8.8, 7.0, 5.9, 5.2, 4.1, 3.2, 2.7, 2.3, 1.8, 2.0, 2.6, 4.3, 6.8, 9.2, 9.5, 8.7, 9.7, 9.9, 10.5, 10.3, 10.5, 10.3, 10.8, 10.7, 9.4, 7.3, 5.7, 5.2, 4.3, 3.7, 2.9, 2.3, 2.2, 1.9, 2.3, 4.2, 6.8, 8.6, 9.8, 9.1, 9.3, 9.7, 10.0, 10.6, 10.2, 10.2, 10.2, 9.2, 8.6, 7.3, 6.4, 5.7, 4.6, 3.7, 3.2, 2.9, 2.3, 2.2, 2.5, 4.1, 6.6, 7.9, 10.0, 8.9, 9.9, 10.9, 10.4, 9.8, 12.5, 11.1, 10.7, 11.3, 9.4, 8.5, 6.7, 6.0, 5.1, 4.3, 3.8, 2.9, 2.4, 1.8, 2.0, 2.3, 3.1, 4.5, 5.4, 6.6, 7.7, 9.1, 8.3, 9.2, 9.3, 8.8, 9.2, 8.3, 8.5, 6.7, 6.0, 5.7, 5.3, 4.9, 4.9, 3.0]","[2.4, 1.6, 1.3, 0.0, 0.0, 0.0, 0.0, 0.0, 6.2, 7.9, 8.8, 8.7, 9.9, 8.9, 8.8, 7.5, 7.1, 6.4, 6.9, 6.2, 5.1, 4.7, 3.5, 2.6]",192,seasonal
task_040,"[1.8, 1.3, 1.1, 1.2, 1.7, 3.1, 4.4, 5.1, 5.4, 6.1, 7.0, 8.3, 8.2, 11.2, 11.4, 10.5, 10.6, 15.6, 8.8, 10.9, 5.6, 4.7, 3.8, 3.1, 2.5, 1.7, 1.5, 1.7, 2.3, 3.1, 4.4, 5.0, 4.9, 6.1, 6.8, 7.5, 8.8, 10.5, 12.0, 13.3, 13.0, 14.8, 11.8, 11.1, 6.1, 5.4, 4.2, 3.2, 2.7, 1.7, 1.6, 1.8, 2.1, 3.3, 4.8, 5.5, 4.9, 6.3, 6.5, 7.8, 8.8, 10.1, 12.3, 10.7, 10.0, 13.4, 11.9, 14.6, 7.6, 5.6, 4.3, 3.6, 2.9, 1.8, 1.6, 1.7, 2.3, 3.4, 4.9, 5.8, 5.5, 6.7, 10.8, 13.7, 9.7, 11.8, 11.2, 14.7, 14.5, 14.4, 13.2, 10.7, 12.5, 6.7, 4.9, 4.3, 2.7, 1.9, 1.7, 1.9, 2.3, 3.8, 5.3, 6.3, 6.4, 8.0, 9.5, 10.3, 10.4, 14.7, 21.7, 12.4, 13.1, 18.4, 18.2, 21.4, 20.2, 21.5, 10.2, 4.3, 3.0, 2.0, 1.6, 1.5, 1.7, 2.6, 4.2, 5.7, 6.8, 7.4, 8.0, 9.0, 12.3, 10.7, 13.0, 6.0, 9.4, 19.7, 16.2, 8.1, 6.3, 6.0, 5.4, 4.0, 2.5, 1.6, 1.1, 1.0, 0.9, 1.5, 2.4, 3.3, 3.9, 4.9, 5.9, 6.8, 7.1, 7.0, 7.5, 6.9, 6.5, 6.2, 6.1, 6.0, 5.6, 5.7, 4.8, 3.3]","[2.2, 1.4, 1.0, 0.8, 1.0, 1.5, 2.6, 3.2, 3.8, 4.2, 5.5, 6.6, 6.3, 6.2, 6.0, 5.4, 5.1, 4.9, 5.3, 5.0, 4.9, 4.5, 3.4, 2.2, 1.7, 1.2, 1.0, 1.3, 1.9, 3.0, 4.4, 5.2, 5.3, 6.1, 6.8, 7.3, 8.6, 10.5, 15.1, 17.6, 10.8, 12.9, 13.9, 9.5, 6.9, 4.6, 4.5, 3.4, 2.7, 1.7, 1.5, 1.8, 1.9, 3.7, 4.5, 5.4, 5.2, 6.2, 6.9, 8.5, 9.3, 11.2, 15.3, 17.0, 19.5, 18.4, 19.2, 17.3, 7.9, 5.5, 4.4, 3.5]",240,volatile
task_041,"[0.0, 0.0, 0.0, 0.0, 0.6, 0.1, 0.8, 2.5, 5.6, 5.1, 7.7, 7.5, 9.1, 7.5, 9.4, 8.7, 10.6, 10.2, 5.7, 3.0, 5.0, 3.6, 0.1, 0.4, 0.0, 0.0, 0.0, 0.0, 0.0, 1.3, 0.5, 4.3, 3.5, 4.7, 8.3, 7.7, 10.0, 9.4, 10.6, 10.6, 11.0, 9.9, 6.7, 4.5, 4.7, 2.6, 0.3, 0.2, 0.1, 0.0, 0.0, 0.0, 0.1, 0.2, 0.2, 1.8, 2.5, 5.2, 5.5, 5.6, 7.3, 6.3, 4.9, 4.7, 5.3, 4.7, 5.0, 3.4, 1.8, 2.9, 0.1, 0.2, 0.0, 0.0, 0.0, 0.0, 0.0, 0.0, 0.0, 0.2, 2.6, 2.9, 5.5, 4.1, 6.2, 6.2, 5.5, 4.4, 5.0, 4.0, 3.3, 1.9, 1.7, 0.6, 0.1, 0.0, 0.0, 0.0, 0.0, 0.0, 0.0, 0.1, 0.3, 4.0, 5.0, 7.0, 6.6, 7.6, 8.5, 8.6, 9.7, 9.8, 11.0, 10.0, 6.4, 4.6, 3.2, 1.0, 0.0, 0.0, 0.0, 0.0, 0.0, 0.0, 0.4, 0.9, 1.3, 3.9, 7.1, 6.4, 6.2, 7.3, 7.8, 8.7, 9.1, 10.2, 9.8, 10.1, 5.7, 2.9, 4.3, 1.2, 0.1, 0.0, 0.0, 0.0, 0.0, 0.0, 0.2, 1.6, 0.6, 3.9, 5.8, 6.6, 7.8, 6.6, 9.3, 7.4, 9.5, 9.0, 10.5, 9.6, 5.6, 4.8, 3.5, 2.5, 0.6, 0.1]","[0.0, 0.0, 0.0, 0.0, 0.0, 0.2, 0.0, 0.5, 2.6, 5.1, 4.3, 6.6, 4.5, 5.9, 6.9, 4.6, 4.1, 3.6, 2.7, 2.4, 1.0, 0.4, 2.9, 0.3, 0.0, 0.0, 0.0, 0.0, 0.1, 0.7, 0.2, 3.5, 5.4, 6.2, 7.7, 8.2, 9.5, 9.6, 10.4, 11.0, 10.8, 10.1, 6.9, 5.3, 5.3, 2.8, 0.3, 0.0, 0.0, 0.1, 0.0, 0.0, 0.0, 0.3, 0.0, 0.1, 1.3, 3.7, 4.5, 4.7, 6.0, 5.8, 4.4, 5.7, 3.2, 4.6, 2.0, 1.4, 1.2, 2.1, 0.1, 0.1]",240,volatile
task_042,"[0.7, 0.6, 0.5, 0.6, 1.4, 2.3, 3.3, 4.6, 4.5, 4.1, 4.2, 4.6, 5.1, 6.0, 6.5, 7.0, 6.7, 6.6, 3.8, 2.8, 2.2, 2.0, 2.0, 1.2, 0.9, 0.6, 0.6, 0.8, 1.2, 2.2, 3.1, 4.6, 4.4, 4.0, 4.4, 4.6, 5.5, 6.2, 6.8, 6.8, 6.0, 6.2, 4.6, 3.0, 2.6, 2.0, 2.4, 1.4, 1.0, 0.7, 0.4, 0.6, 0.8, 1.2, 1.7, 2.3, 2.5, 2.9, 3.6, 3.8, 4.1, 4.3, 4.4, 3.9, 3.7, 3.4, 3.3, 2.3, 2.1, 2.0, 2.2, 1.7, 1.0, 0.8, 0.6, 0.5, 0.5, 0.9, 1.1, 1.4, 1.8, 2.3, 2.5, 2.9, 3.3, 3.8, 3.7, 3.3, 3.2, 3.3, 2.8, 2.4, 2.0, 1.8, 1.6, 1.1, 0.8, 0.7, 0.5, 0.6, 1.2, 2.1, 3.1, 4.6, 3.8, 4.2, 4.4, 4.6, 5.3, 5.8, 6.4, 7.1, 6.4, 6.2, 3.7, 2.4, 2.2, 1.6, 1.5, 1.0, 0.8, 0.5, 0.5, 0.6, 1.5, 2.3, 3.3, 5.0, 4.3, 4.4, 4.3, 4.4, 5.4, 5.5, 6.7, 6.6, 6.5, 6.3, 3.7, 2.5, 2.1, 1.8, 1.8, 1.2, 0.9, 0.6, 0.6, 0.7, 1.4, 2.2, 3.4, 4.8, 4.4, 4.0, 4.5, 4.7, 5.6, 6.2, 6.8, 6.8, 6.4, 6.2, 4.3, 3.1, 2.4, 1.7, 1.8, 1.3]","[0.8, 0.6, 0.5, 0.5, 0.9, 1.2, 1.4, 1.5, 1.9, 2.0, 2.2, 3.0, 3.3, 3.0, 2.9, 2.7, 2.3, 2.3, 1.8, 1.4, 1.2, 1.3, 3.2, 2.6, 1.4, 1.1, 0.6, 0.5, 0.9, 1.5, 2.3, 3.0, 2.9, 3.3, 3.7, 4.0, 4.5, 4.2, 4.8, 4.7, 4.6, 4.2, 2.5, 2.0, 1.7, 1.7, 1.5, 1.1, 0.8, 0.8, 1.0, 1.0, 1.1, 0.9, 1.2, 1.4, 1.8, 2.1, 2.4, 2.6, 2.7, 2.4, 2.5, 2.4, 2.3, 2.3, 2.0, 1.7, 1.7, 1.6, 1.5, 1.2]",240,volatile
task_043,"[1.7, 1.6, 1.1, 1.7, 3.1, 5.4, 8.4, 13.2, 9.9, 8.9, 8.6, 7.9, 8.7, 8.7, 10.2, 11.1, 13.2, 11.5, 8.1, 6.2, 5.0, 4.3, 3.4, 2.4, 1.9, 1.5, 1.3, 1.9, 3.1, 10.1, 26.7, 13.2, 10.0, 9.2, 8.4, 8.7, 9.1, 9.8, 11.7, 14.8, 13.2, 11.6, 8.9, 7.0, 5.8, 4.8, 3.7, 2.5, 1.9, 1.6, 1.4, 1.8, 3.2, 5.8, 9.6, 11.5, 9.8, 9.6, 9.2, 9.2, 9.6, 11.2, 13.3, 14.5, 12.6, 12.8, 9.1, 7.1, 6.1, 5.1, 3.7, 2.7, 1.8, 1.7, 1.5, 1.9, 3.2, 5.7, 9.4, 11.2, 9.4, 8.7, 8.5, 9.4, 9.5, 10.5, 12.2, 12.3, 12.4, 11.3, 9.5, 7.0, 6.7, 5.6, 4.3, 3.1, 2.1, 1.7, 1.6, 1.9, 3.2, 5.4, 8.8, 10.3, 10.2, 8.8, 9.5, 9.3, 10.0, 9.6, 11.9, 12.2, 12.9, 11.1, 10.0, 8.6, 7.8, 6.2, 5.2, 3.9, 2.7, 2.0, 1.8, 1.4, 1.8, 2.7, 4.3, 5.2, 6.0, 7.2, 8.9, 7.9, 8.6, 8.9, 9.3, 7.9, 7.9, 7.4, 7.4, 6.7, 6.3, 6.0, 5.5, 4.4, 3.2, 2.0, 1.6, 1.1, 1.3, 1.6, 2.4, 2.9, 3.5, 4.8, 5.6, 6.0, 7.0, 7.1, 7.2, 6.9, 6.7, 6.3, 6.0, 3.5, 2.4, 5.2, 4.5, 3.4]","[2.2, 1.4, 1.3, 1.0, 1.1, 2.0, 2.8, 3.0, 3.8, 4.3, 5.3, 5.8, 6.2, 6.2, 6.1, 5.8, 5.7, 5.6, 5.7, 5.3, 5.2, 4.6, 3.5, 2.3, 1.5, 1.3, 1.1, 1.6, 2.9, 5.4, 9.0, 11.6, 9.5, 8.5, 8.5, 8.6, 9.6, 10.1, 13.8, 13.2, 13.1, 12.8, 9.8, 6.6, 6.0, 5.1, 4.1, 2.9, 1.9, 1.6, 1.5, 1.9, 3.4, 5.8, 9.2, 12.1, 10.0, 9.4, 8.7, 9.0, 8.3, 8.7, 10.9, 12.9, 11.7, 11.5, 9.4, 7.1, 6.7, 5.6, 4.2, 2.9]",240,volatile
task_044,"[3.4, 2.7, 2.4, 2.3, 2.4, 2.5, 3.4, 6.8, 10.2, 10.9, 11.8, 11.2, 11.2, 10.3, 4.7, 4.6, 4.6, 4.8, 11.8, 13.8, 14.1, 4.0, 3.6, 3.6, 3.4, 2.7, 2.4, 2.3, 2.4, 2.6, 3.4, 7.7, 10.2, 10.9, 10.4, 8.9, 11.5, 6.3, 4.5, 4.7, 4.5, 5.5, 14.1, 15.5, 15.5, 3.9, 3.7, 3.7, 3.5, 2.8, 2.5, 2.3, 2.3, 2.5, 3.3, 5.8, 9.8, 9.5, 4.8, 5.7, 9.6, 5.2, 4.5, 4.7, 5.1, 13.3, 15.3, 16.1, 15.8, 11.9, 4.2, 4.2, 4.0, 3.3, 2.6, 2.4, 2.4, 2.4, 2.6, 3.1, 3.5, 3.7, 4.2, 4.9, 5.3, 7.0, 12.0, 9.2, 11.9, 10.3, 12.6, 14.5, 12.3, 5.7, 4.2, 6.5, 4.5, 3.5, 2.8, 2.5, 2.4, 2.4, 2.5, 2.8, 3.2, 3.2, 3.6, 4.5, 5.2, 5.9, 10.9, 5.0, 7.1, 8.3, 4.8, 5.1, 5.1, 4.5, 4.9, 4.5, 3.6, 2.8, 2.5, 2.4, 2.4, 2.6, 3.4, 5.2, 7.5, 8.4, 5.8, 10.4, 8.9, 4.6, 4.5, 4.4, 4.4, 4.5, 4.7, 4.5, 4.1, 3.4, 3.4, 3.5, 3.3, 2.7, 2.4, 2.3, 2.3, 2.6, 3.3, 7.1, 7.3, 11.3, 11.8, 11.1, 9.6, 6.8, 4.5, 4.6, 4.8, 4.8, 8.7, 14.6, 12.6, 3.7, 3.6, 3.5]","[3.2, 2.7, 2.4, 2.3, 2.3, 2.6, 3.3, 3.16, 3.16, 3.16, 3.16, 3.16, 6.7, 4.5, 4.4, 4.9, 4.5, 5.2, 9.7, 15.7, 11.1, 3.8, 4.1, 3.8]",192,volatile
task_045,"[8.7, 7.4, 5.4, 4.0, 3.3, 2.4, 1.4, 0.7, 0.4, 0.3, 0.4, 1.4, 3.9, 6.1, 7.6, 7.4, 6.5, 6.1, 6.1, 6.4, 6.9, 7.7, 8.3, 8.7, 9.0, 7.7, 5.8, 4.5, 3.7, 2.7, 1.6, 0.9, 0.5, 0.3, 0.4, 1.3, 3.7, 5.7, 6.9, 6.8, 6.4, 6.5, 6.9, 7.4, 7.9, 8.4, 8.7, 8.7, 8.7, 7.6, 6.0, 4.9, 4.2, 3.3, 2.2, 1.3, 0.7, 0.5, 0.4, 0.6, 1.2, 2.2, 3.5, 4.8, 5.9, 6.7, 7.2, 7.6, 7.6, 7.6, 7.5, 7.3, 7.0, 6.2, 5.2, 4.5, 4.4, 3.9, 2.8, 1.6, 0.8, 0.5, 0.3, 0.4, 0.6, 1.1, 1.7, 2.7, 4.1, 5.4, 6.1, 6.6, 6.8, 6.8, 6.7, 6.4, 6.0, 5.5, 5.2, 5.0, 4.4, 3.1, 1.7, 3.3, 3.1, 3.2, 4.0, 6.8, 11.8, 13.2, 12.7, 12.4, 9.0, 7.6, 7.3, 6.7, 7.2, 7.0, 6.9, 6.5, 6.6, 6.2, 5.5, 5.0, 4.7, 4.1, 3.4, 3.2, 3.1, 3.3, 4.0, 6.8, 11.3, 12.9, 13.1, 12.5, 9.7, 7.9, 7.3, 6.9, 7.0, 6.9, 7.0, 6.7, 6.7, 6.1, 5.2, 5.0, 4.6, 4.5, 3.9, 3.2, 3.2, 3.3, 4.1, 5.0, 8.0, 12.0, 12.8, 12.3, 11.8, 8.4, 7.4, 7.6, 7.3, 7.4, 6.9, 6.8]","[6.6, 6.3, 5.3, 5.1, 4.8, 4.3, 3.8, 3.3, 3.2, 3.3, 4.1, 6.8, 1.2300000000000002, 1.2300000000000002, 1.2300000000000002, 1.2300000000000002, 10.2, 7.9, 7.4, 7.2, 7.5, 7.1, 7.0, 6.7]",192,volatile
task_046,"[5.5, 4.2, 2.7, 1.7, 1.1, 0.9, 1.0, 2.3, 5.4, 8.9, 10.7, 10.5, 9.6, 9.2, 9.7, 10.0, 10.2, 10.5, 10.7, 11.9, 14.5, 10.0, 7.6, 6.7, 5.8, 4.6, 3.0, 1.8, 1.2, 1.0, 1.1, 2.4, 5.5, 9.0, 11.0, 10.7, 10.0, 9.5, 10.1, 10.6, 10.6, 10.9, 11.0, 12.3, 14.8, 10.5, 7.8, 7.1, 6.3, 4.8, 3.0, 1.8, 1.2, 1.0, 1.1, 2.4, 5.5, 9.0, 10.9, 10.7, 9.9, 9.5, 10.2, 11.0, 11.8, 11.3, 11.4, 13.6, 15.2, 11.9, 8.3, 7.6, 6.9, 5.2, 3.4, 2.1, 1.4, 1.2, 1.2, 2.4, 5.2, 8.3, 10.3, 10.2, 9.8, 9.8, 10.7, 12.0, 11.6, 12.9, 11.5, 11.9, 13.1, 9.7, 8.4, 7.8, 7.1, 6.0, 4.4, 2.8, 1.8, 1.4, 1.2, 1.4, 2.4, 4.1, 5.8, 7.3, 8.4, 9.3, 10.1, 10.6, 11.1, 11.1, 10.8, 10.3, 9.6, 8.7, 7.7, 6.9, 6.6, 6.2, 4.5, 2.9, 1.8, 1.4, 0.9, 0.8, 1.3, 2.4, 3.5, 4.6, 6.2, 7.4, 8.2, 8.7, 9.0, 9.0, 9.0, 8.9, 8.3, 7.8, 7.3, 7.0, 6.4, 4.9, 3.0, 1.7, 1.0, 0.8, 1.0, 2.2, 5.1, 8.3, 10.2, 9.9, 9.2, 8.9, 9.6, 9.8, 10.0, 10.1, 10.3, 10.9, 13.2, 9.0, 7.3, 6.4]","[5.5, 4.2, 2.7, 1.7, 1.1, 0.9, 1.0, 2.3, 5.4, 8.9, 5.35, 5.35, 9.6, 9.2, 9.7, 10.0, 10.2, 10.5, 10.7, 11.9, 14.5, 10.0, 7.6, 6.7]",192,volatile
task_047,"[0.4, 0.6, 1.2, 2.2, 3.5, 4.8, 5.9, 6.7, 7.2, 7.6, 7.6, 7.6, 7.5, 7.3, 7.0, 6.2, 5.2, 4.5, 4.4, 3.9, 2.8, 1.6, 0.8, 0.5, 0.3, 0.4, 0.6, 1.1, 1.7, 2.7, 4.1, 5.4, 6.1, 6.6, 6.8, 6.8, 6.7, 6.4, 6.0, 5.5, 5.2, 5.0, 4.4, 3.1, 1.7, 0.8, 0.4, 0.3, 0.4, 1.2, 3.4, 5.3, 6.6, 6.5, 5.8, 5.6, 5.7, 6.0, 6.3, 7.0, 7.6, 7.8, 7.8, 6.5, 4.8, 3.6, 2.9, 2.1, 1.2, 0.6, 0.3, 0.3, 0.4, 1.2, 3.5, 5.7, 7.2, 7.0, 6.1, 5.6, 5.5, 5.7, 6.1, 7.0, 7.6, 7.9, 8.2, 6.9, 5.0, 3.7, 3.0, 2.3, 1.4, 0.7, 0.4, 0.3, 0.4, 1.3, 3.9, 6.1, 7.5, 7.3, 6.3, 5.9, 5.8, 6.1, 6.5, 7.4, 8.0, 8.3, 8.7, 7.4, 5.4, 4.0, 3.3, 2.4, 1.4, 0.7, 0.4, 0.3, 0.4, 1.4, 3.9, 6.1, 7.6, 7.4, 6.5, 6.1, 6.1, 6.4, 6.9, 7.7, 8.3, 8.7, 9.0, 7.7, 5.8, 4.5, 3.7, 2.7, 1.6, 0.9, 0.5, 0.3, 0.4, 1.3, 3.7, 5.7, 6.9, 6.8, 6.4, 6.5, 6.9, 7.4, 7.9, 8.4, 8.7, 8.7, 8.7, 7.6, 6.0, 4.9, 4.2, 3.3, 2.2, 1.3, 0.7, 0.5]","[0.4, 0.6, 1.2, 2.2, 3.5, 4.8, 5.9, 6.7, 7.2, 7.6, 7.6, 7.6, 2.25, 2.25, 2.25, 2.25, 2.25, 4.5, 4.4, 3.9, 2.8, 1.6, 0.8, 0.5]",192,volatile
task_048,"[5.9, 6.1, 6.9, 8.3, 9.4, 10.0, 8.7, 8.4, 5.3, 4.1, 3.2, 2.1, 1.3, 0.7, 0.4, 0.3, 0.6, 0.8, 2.1, 3.8, 7.1, 7.5, 6.3, 6.1, 6.1, 6.5, 7.0, 7.6, 9.8, 8.9, 8.7, 8.2, 5.4, 3.8, 3.2, 2.3, 1.4, 0.7, 0.4, 0.4, 0.5, 0.9, 1.9, 3.4, 7.0, 7.0, 6.3, 6.3, 6.2, 6.5, 7.2, 8.7, 9.2, 9.4, 9.4, 8.1, 4.8, 3.7, 3.2, 2.4, 1.5, 0.8, 0.4, 0.4, 0.6, 0.8, 2.0, 3.5, 6.4, 7.0, 6.3, 5.5, 6.8, 7.4, 7.7, 8.4, 9.5, 8.4, 8.0, 7.4, 5.6, 4.5, 3.6, 3.2, 2.2, 1.3, 0.7, 0.4, 0.4, 0.5, 0.8, 1.7, 3.3, 4.5, 6.3, 7.1, 6.7, 7.6, 7.1, 6.9, 6.6, 6.7, 5.9, 5.6, 4.9, 5.0, 4.0, 3.4, 2.5, 1.1, 0.8, 0.5, 0.4, 0.4, 0.7, 1.2, 2.4, 3.6, 5.2, 6.2, 5.2, 6.1, 6.5, 7.1, 6.7, 6.8, 6.4, 6.0, 4.8, 4.7, 3.7, 3.0, 1.9, 0.8, 0.5, 0.4, 0.5, 0.8, 2.2, 3.4, 6.6, 7.1, 5.9, 6.3, 5.9, 6.9, 7.4, 9.1, 8.9, 9.7, 9.3, 7.2, 4.9, 3.5, 2.7, 2.1, 1.5, 0.6, 0.4, 0.3, 0.5, 0.8, 1.9, 3.9, 6.7, 7.7, 5.5, 5.9]","[7.1, 7.0, 7.3, 4.45, 4.45, 4.45, 10.3, 8.5, 5.4, 3.5, 3.1, 2.3, 1.3, 0.7, 0.4, 0.3, 0.5, 0.8, 2.0, 3.9, 6.9, 7.4, 6.6, 6.4]",192,volatile
task_049,"[4.2, 5.7, 6.4, 0.7, 2.2, 2.0, 1.9, 1.5, 3.6, 6.2, 4.4, 2.7, 1.6, 1.0, 0.8, 0.7, 0.9, 1.1, 1.8, 2.4, 3.5, 3.9, 4.1, 4.0, 4.7, 6.5, 5.9, 1.0, 2.3, 2.8, 2.3, 1.9, 2.0, 2.9, 4.7, 2.9, 2.2, 1.6, 1.4, 1.3, 1.4, 1.7, 2.6, 3.3, 4.6, 5.3, 5.3, 5.2, 6.0, 7.8, 4.9, 1.9, 2.7, 3.3, 2.6, 3.4, 4.8, 7.5, 6.5, 3.2, 1.9, 1.3, 0.9, 0.8, 0.8, 1.0, 1.6, 2.9, 4.0, 4.7, 5.5, 5.3, 7.3, 5.3, 1.2, 0.8, 0.4, 0.4, 0.4, 1.9, 3.6, 5.1, 8.3, 5.9, 7.5, 5.0, 3.1, 3.1, 2.9, 4.0, 6.6, 13.0, 17.7, 16.6, 18.0, 18.0, 18.3, 18.1, 19.3, 15.8, 14.9, 19.7, 16.2, 16.9, 14.6, 13.3, 12.0, 8.2, 2.1, 1.3, 1.0, 0.8, 0.7, 0.8, 1.2, 1.9, 2.5, 2.8, 2.9, 3.1, 3.1, 3.5, 3.8, 3.7, 3.8, 3.9, 4.0, 4.7, 4.5, 4.0, 3.3, 2.4, 1.6, 0.8, 0.7, 0.6, 0.6, 0.9, 1.0, 1.8, 2.3, 2.8, 3.2, 3.3, 3.7, 5.0, 7.2, 5.7, 2.9, 6.4, 5.2, 5.2, 5.9, 5.3, 4.1, 2.5, 1.8, 0.9, 0.7, 0.8, 0.7, 1.0, 1.7, 2.7, 3.4, 4.4, 3.6, 3.7]","[3.1, 3.0, 2.3, 2.1, 2.8, 3.0, 2.1, 2.7, 4.1, 2.75, 2.75, 2.75, 5.5, 3.7, 3.5, 2.8, 3.0, 3.4, 5.3, 7.5, 10.3, 12.0, 11.9, 12.1]",192,volatile
